{"cameraMode":{"drawMode":0,"name":"Shaded","section":"Shading Mode"},"sceneLighting":true,"audioPlay":false,"sceneViewState":{"m_AlwaysRefresh":false,"showFog":true,"showSkybox":true,"showFlares":true,"showImageEffects":true,"showParticleSystems":true,"showVisualEffectGraphs":true,"m_FxEnabled":true},"in2DMode":false,"pivot":{"x":14.382118225097657,"y":0.17056253552436829,"z":1.3618583679199219},"rotation":{"x":-0.05612925440073013,"y":-0.6942773461341858,"z":0.05448855832219124,"w":-0.7154190540313721},"size":10.098047256469727,"orthographic":false}