{"cameraMode":{"drawMode":0,"name":"Shaded","section":"Shading Mode"},"sceneLighting":true,"audioPlay":false,"sceneViewState":{"m_AlwaysRefresh":false,"showFog":true,"showSkybox":true,"showFlares":true,"showImageEffects":true,"showParticleSystems":true,"showVisualEffectGraphs":true,"m_FxEnabled":true},"in2DMode":false,"pivot":{"x":0.00008291006088256836,"y":0.8906084299087524,"z":0.017388761043548585},"rotation":{"x":-0.20535939931869508,"y":-0.6204966306686401,"z":0.17293526232242585,"w":-0.7368248105049133},"size":1.4467675685882569,"orthographic":false}