{"cameraMode":{"drawMode":0,"name":"Shaded","section":"Shading Mode"},"sceneLighting":true,"audioPlay":false,"sceneViewState":{"m_AlwaysRefresh":false,"showFog":true,"showSkybox":true,"showFlares":true,"showImageEffects":true,"showParticleSystems":true,"showVisualEffectGraphs":true,"m_FxEnabled":true},"in2DMode":false,"pivot":{"x":-0.24619758129119874,"y":0.8185493350028992,"z":1.4731415510177613},"rotation":{"x":-0.20359382033348084,"y":0.38831469416618349,"z":-0.08837919682264328,"w":-0.8944146037101746},"size":77.7307357788086,"orthographic":false}